[{"firstName":"Eadmund","lastName":"Aspy","annualRevenue":20732029392,"phone":"320-444-0681","street":"78 Ryan Place","postalCode":"56372","city":"Saint Cloud","country":"United States","creationDate":null,"company":"Eayo","state":"Minnesota"},
{"firstName":"Christoph","lastName":"Fritz","annualRevenue":43399265235,"phone":"702-958-4829","street":"770 Maple Wood Park","postalCode":"89110","city":"Las Vegas","country":"United States","creationDate":null,"company":"Fivespan","state":"Nevada"},
{"firstName":"Adey","lastName":"Mersey","annualRevenue":68911901642,"phone":"916-946-9523","street":"68181 Daystar Center","postalCode":"95833","city":"Sacramento","country":"United States","creationDate":null,"company":"Trilith","state":"California"},
{"firstName":"Sharyl","lastName":"Traske","annualRevenue":10757354513,"phone":"484-409-7407","street":"1 Debs Point","postalCode":"19610","city":"Reading","country":"United States","creationDate":null,"company":"Tagcat","state":"Pennsylvania"},
{"firstName":"Rachele","lastName":"Ickovitz","annualRevenue":45667964677,"phone":"513-896-3211","street":"5422 Randy Avenue","postalCode":"45208","city":"Cincinnati","country":"United States","creationDate":null,"company":"Shuffletag","state":"Ohio"},
{"firstName":"Erminie","lastName":"Kersting","annualRevenue":93901029721,"phone":"973-959-0242","street":"346 Warbler Plaza","postalCode":"07104","city":"Newark","country":"United States","creationDate":null,"company":"Babbleblab","state":"New Jersey"},
{"firstName":"Juliet","lastName":"Liles","annualRevenue":69383990302,"phone":"714-145-4085","street":"098 Sloan Hill","postalCode":"92662","city":"Newport Beach","country":"United States","creationDate":null,"company":"Ooba","state":"California"},
{"firstName":"Michaeline","lastName":"Bozier","annualRevenue":52622224927,"phone":"318-774-2866","street":"564 Londonderry Junction","postalCode":"71105","city":"Shreveport","country":"United States","creationDate":null,"company":"Digitube","state":"Louisiana"},
{"firstName":"Ignaz","lastName":"Kettlewell","annualRevenue":20863887727,"phone":"952-613-6897","street":"932 Blue Bill Park Circle","postalCode":"55564","city":"Young America","country":"United States","creationDate":null,"company":"Topicblab","state":"Minnesota"},
{"firstName":"Dierdre","lastName":"Darling","annualRevenue":91639673358,"phone":"314-847-0089","street":"45 La Follette Court","postalCode":"63150","city":"Saint Louis","country":"United States","creationDate":null,"company":"Tagcat","state":"Missouri"},
{"firstName":"Thorstein","lastName":"Fontell","annualRevenue":82111155240,"phone":"814-356-6622","street":"0988 Lakewood Gardens Road","postalCode":"16534","city":"Erie","country":"United States","creationDate":null,"company":"Fivespan","state":"Pennsylvania"},
{"firstName":"Hart","lastName":"Dumbrall","annualRevenue":53159297934,"phone":"650-730-0086","street":"5 Washington Street","postalCode":"91186","city":"Pasadena","country":"United States","creationDate":null,"company":"Nlounge","state":"California"},
{"firstName":"Mariellen","lastName":"Goseling","annualRevenue":32841975260,"phone":"304-581-6622","street":"50 Hintze Drive","postalCode":"25705","city":"Huntington","country":"United States","creationDate":null,"company":"Fadeo","state":"West Virginia"},
{"firstName":"Clevey","lastName":"Rawne","annualRevenue":29937121466,"phone":"561-380-0787","street":"24 Summerview Drive","postalCode":"33487","city":"Boca Raton","country":"United States","creationDate":null,"company":"Demivee","state":"Florida"},
{"firstName":"Daryl","lastName":"Tulk","annualRevenue":46364105961,"phone":"904-399-6828","street":"4 Sage Drive","postalCode":"32230","city":"Jacksonville","country":"United States","creationDate":null,"company":"Trilith","state":"Florida"},
{"firstName":"Robena","lastName":"Cicerone","annualRevenue":33066311740,"phone":"503-479-5455","street":"2012 Aberg Center","postalCode":"97211","city":"Portland","country":"United States","creationDate":null,"company":"Gabtune","state":"Oregon"},
{"firstName":"Omero","lastName":"Jeffes","annualRevenue":90032954182,"phone":"240-162-7966","street":"93457 Muir Drive","postalCode":"20910","city":"Silver Spring","country":"United States","creationDate":null,"company":"Centizu","state":"Maryland"},
{"firstName":"Steffi","lastName":"Simanek","annualRevenue":43276949702,"phone":"720-324-7605","street":"085 Declaration Street","postalCode":"80305","city":"Boulder","country":"United States","creationDate":null,"company":"Brainbox","state":"Colorado"},
{"firstName":"Dar","lastName":"Glasspoole","annualRevenue":89512143638,"phone":"203-370-5226","street":"89107 Westport Parkway","postalCode":"06912","city":"Stamford","country":"United States","creationDate":null,"company":"Edgeclub","state":"Connecticut"},
{"firstName":"Jamison","lastName":"Darrington","annualRevenue":91758816951,"phone":"904-453-9673","street":"25 Continental Trail","postalCode":"32230","city":"Jacksonville","country":"United States","creationDate":null,"company":"Skipfire","state":"Florida"},
{"firstName":"Cale","lastName":"Large","annualRevenue":18445052417,"phone":"616-966-2743","street":"486 Fairview Park","postalCode":"49544","city":"Grand Rapids","country":"United States","creationDate":null,"company":"Ozu","state":"Michigan"},
{"firstName":"Read","lastName":"Kernoghan","annualRevenue":64319556718,"phone":"510-404-5961","street":"1 Bay Alley","postalCode":"94807","city":"Richmond","country":"United States","creationDate":null,"company":"Yakitri","state":"California"},
{"firstName":"Fielding","lastName":"Filippi","annualRevenue":60717051607,"phone":"814-796-9913","street":"4121 Surrey Lane","postalCode":"16565","city":"Erie","country":"United States","creationDate":null,"company":"Npath","state":"Pennsylvania"},
{"firstName":"Nessa","lastName":"Sharman","annualRevenue":45701389733,"phone":"786-484-0665","street":"17 Mendota Street","postalCode":"33196","city":"Miami","country":"United States","creationDate":null,"company":"Fanoodle","state":"Florida"},
{"firstName":"Hobard","lastName":"Wybourne","annualRevenue":23467981700,"phone":"505-895-4180","street":"80075 Grayhawk Circle","postalCode":"87592","city":"Santa Fe","country":"United States","creationDate":null,"company":"Mynte","state":"New Mexico"},
{"firstName":"Marlene","lastName":"Artinstall","annualRevenue":58514615098,"phone":"901-446-2435","street":"81 East Plaza","postalCode":"38168","city":"Memphis","country":"United States","creationDate":null,"company":"Tagchat","state":"Tennessee"},
{"firstName":"Ginger","lastName":"Fieldstone","annualRevenue":31518169404,"phone":"817-149-3559","street":"679 Elka Center","postalCode":"76121","city":"Fort Worth","country":"United States","creationDate":null,"company":"Lazz","state":"Texas"},
{"firstName":"Helena","lastName":"Bevington","annualRevenue":36264492977,"phone":"650-534-7613","street":"271 Transport Point","postalCode":"94042","city":"Mountain View","country":"United States","creationDate":null,"company":"Divanoodle","state":"California"},
{"firstName":"Geno","lastName":"Cobb","annualRevenue":32068810488,"phone":"702-390-1515","street":"05 Duke Center","postalCode":"89155","city":"Las Vegas","country":"United States","creationDate":null,"company":"Photobean","state":"Nevada"},
{"firstName":"Paddie","lastName":"Scandwright","annualRevenue":60182804662,"phone":"202-495-7563","street":"78418 Meadow Valley Street","postalCode":"20436","city":"Washington","country":"United States","creationDate":null,"company":"Leexo","state":"District of Columbia"},
{"firstName":"Mimi","lastName":"Sebastian","annualRevenue":51836422101,"phone":"217-335-4642","street":"88021 Hoffman Drive","postalCode":"62756","city":"Springfield","country":"United States","creationDate":null,"company":"Zoozzy","state":"Illinois"},
{"firstName":"Joellyn","lastName":"Jencey","annualRevenue":59449222929,"phone":"302-878-0942","street":"59 Superior Park","postalCode":"19725","city":"Newark","country":"United States","creationDate":null,"company":"Kamba","state":"Delaware"},
{"firstName":"Lazar","lastName":"Burhouse","annualRevenue":72709395441,"phone":"720-738-5737","street":"410 Scott Trail","postalCode":"80305","city":"Boulder","country":"United States","creationDate":null,"company":"Voonyx","state":"Colorado"},
{"firstName":"Carmon","lastName":"McAdam","annualRevenue":3105130793,"phone":"702-204-5304","street":"562 Pawling Lane","postalCode":"89105","city":"Las Vegas","country":"United States","creationDate":null,"company":"Fivechat","state":"Nevada"},
{"firstName":"Norton","lastName":"Wayne","annualRevenue":36888912516,"phone":"321-416-8889","street":"7964 Hoepker Parkway","postalCode":"32825","city":"Orlando","country":"United States","creationDate":null,"company":"Fadeo","state":"Florida"},
{"firstName":"Syman","lastName":"Barstow","annualRevenue":97306581738,"phone":"513-825-7716","street":"99 Nancy Junction","postalCode":"45254","city":"Cincinnati","country":"United States","creationDate":null,"company":"Demimbu","state":"Ohio"},
{"firstName":"Brose","lastName":"Spaice","annualRevenue":47951977968,"phone":"971-285-2024","street":"7 Vera Court","postalCode":"97240","city":"Portland","country":"United States","creationDate":null,"company":"Flashpoint","state":"Oregon"},
{"firstName":"Ingeberg","lastName":"Tomaszynski","annualRevenue":15779689775,"phone":"801-307-8840","street":"0 Ryan Pass","postalCode":"84120","city":"Salt Lake City","country":"United States","creationDate":null,"company":"Skipstorm","state":"Utah"},
{"firstName":"Lowe","lastName":"Lithgow","annualRevenue":98140791130,"phone":"651-725-5354","street":"66875 Carioca Hill","postalCode":"55188","city":"Saint Paul","country":"United States","creationDate":null,"company":"Dynabox","state":"Minnesota"},
{"firstName":"Nicolai","lastName":"Noto","annualRevenue":2235779204,"phone":"763-782-9376","street":"9 Mendota Lane","postalCode":"55590","city":"Monticello","country":"United States","creationDate":null,"company":"Skyble","state":"Minnesota"},
{"firstName":"Andie","lastName":"Eslemont","annualRevenue":94485766213,"phone":"517-696-9509","street":"9742 Scott Avenue","postalCode":"48919","city":"Lansing","country":"United States","creationDate":null,"company":"Mudo","state":"Michigan"},
{"firstName":"Norma","lastName":"Crighten","annualRevenue":28296802333,"phone":"850-600-6479","street":"3 Shasta Pass","postalCode":"32590","city":"Pensacola","country":"United States","creationDate":null,"company":"Zooveo","state":"Florida"},
{"firstName":"Mitchell","lastName":"Shrimptone","annualRevenue":59625246897,"phone":"214-710-4042","street":"57 Maple Wood Junction","postalCode":"75287","city":"Dallas","country":"United States","creationDate":null,"company":"Zoomlounge","state":"Texas"},
{"firstName":"Aymer","lastName":"Pretsel","annualRevenue":76990143374,"phone":"941-408-7432","street":"03 Anhalt Road","postalCode":"34108","city":"Naples","country":"United States","creationDate":null,"company":"Pixonyx","state":"Florida"},
{"firstName":"Stanford","lastName":"Hiner","annualRevenue":23533845418,"phone":"616-185-1653","street":"6 Becker Street","postalCode":"49544","city":"Grand Rapids","country":"United States","creationDate":null,"company":"Yombu","state":"Michigan"},
{"firstName":"Mamie","lastName":"Cann","annualRevenue":28407640860,"phone":"602-383-7192","street":"86600 Spohn Circle","postalCode":"85062","city":"Phoenix","country":"United States","creationDate":null,"company":"Yacero","state":"Arizona"},
{"firstName":"Noelyn","lastName":"Roust","annualRevenue":85651634944,"phone":"713-249-2492","street":"1 Amoth Terrace","postalCode":"79176","city":"Amarillo","country":"United States","creationDate":null,"company":"Quatz","state":"Texas"},
{"firstName":"Gene","lastName":"Darkins","annualRevenue":60177815389,"phone":"312-530-0848","street":"12 Mallard Lane","postalCode":"60619","city":"Chicago","country":"United States","creationDate":null,"company":"Flipopia","state":"Illinois"},
{"firstName":"Sharleen","lastName":"Ezele","annualRevenue":19403069552,"phone":"712-846-1785","street":"0 Bayside Road","postalCode":"68134","city":"Omaha","country":"United States","creationDate":null,"company":"Blogpad","state":"Nebraska"},
{"firstName":"Nicky","lastName":"Simukov","annualRevenue":82918689496,"phone":"417-908-1339","street":"51 Pennsylvania Trail","postalCode":"65898","city":"Springfield","country":"United States","creationDate":null,"company":"Midel","state":"Missouri"},
{"firstName":"Marilee","lastName":"Haker","annualRevenue":26431313618,"phone":"562-635-5503","street":"0 Doe Crossing Center","postalCode":"90831","city":"Long Beach","country":"United States","creationDate":null,"company":"Feedfish","state":"California"},
{"firstName":"Gianna","lastName":"Parsons","annualRevenue":74970174367,"phone":"971-557-0949","street":"21018 Toban Crossing","postalCode":"97240","city":"Portland","country":"United States","creationDate":null,"company":"Topiclounge","state":"Oregon"},
{"firstName":"Juline","lastName":"Fetherstonhaugh","annualRevenue":60687431638,"phone":"619-806-8421","street":"925 Hazelcrest Terrace","postalCode":"92165","city":"San Diego","country":"United States","creationDate":null,"company":"Fatz","state":"California"},
{"firstName":"Esmeralda","lastName":"Orbon","annualRevenue":60455230736,"phone":"202-401-1776","street":"0300 Annamark Terrace","postalCode":"20210","city":"Washington","country":"United States","creationDate":null,"company":"Leexo","state":"District of Columbia"},
{"firstName":"Brion","lastName":"Nevins","annualRevenue":84303326540,"phone":"301-139-4864","street":"08447 Pepper Wood Center","postalCode":"21405","city":"Annapolis","country":"United States","creationDate":null,"company":"Leenti","state":"Maryland"},
{"firstName":"Jackquelin","lastName":"Chisman","annualRevenue":9591095177,"phone":"513-297-3949","street":"180 Bunker Hill Place","postalCode":"45249","city":"Cincinnati","country":"United States","creationDate":null,"company":"Dynava","state":"Ohio"},
{"firstName":"Hughie","lastName":"Pien","annualRevenue":19167803940,"phone":"719-618-1817","street":"87 Straubel Park","postalCode":"80905","city":"Colorado Springs","country":"United States","creationDate":null,"company":"Topiczoom","state":"Colorado"},
{"firstName":"Gib","lastName":"Wilshaw","annualRevenue":65570620958,"phone":"304-619-7448","street":"131 Meadow Vale Lane","postalCode":"25331","city":"Charleston","country":"United States","creationDate":null,"company":"Blogtag","state":"West Virginia"},
{"firstName":"Sapphira","lastName":"Crosbie","annualRevenue":57256493742,"phone":"301-278-6676","street":"9 Cottonwood Center","postalCode":"20784","city":"Hyattsville","country":"United States","creationDate":null,"company":"Zoombox","state":"Maryland"},
{"firstName":"Hildagard","lastName":"Glazyer","annualRevenue":12507416496,"phone":"202-952-1089","street":"82490 Hudson Place","postalCode":"20057","city":"Washington","country":"United States","creationDate":null,"company":"Einti","state":"District of Columbia"},
{"firstName":"Gayla","lastName":"McCaffery","annualRevenue":33576020239,"phone":"916-479-6208","street":"8523 Cherokee Street","postalCode":"95852","city":"Sacramento","country":"United States","creationDate":null,"company":"Riffpedia","state":"California"},
{"firstName":"Ronnica","lastName":"Mussard","annualRevenue":29866651906,"phone":"561-327-4962","street":"7 Mayer Lane","postalCode":"33416","city":"West Palm Beach","country":"United States","creationDate":null,"company":"Yotz","state":"Florida"},
{"firstName":"Vasilis","lastName":"Doerrling","annualRevenue":23033410256,"phone":"704-186-7452","street":"1 Sachtjen Junction","postalCode":"28205","city":"Charlotte","country":"United States","creationDate":null,"company":"Kare","state":"North Carolina"},
{"firstName":"Lois","lastName":"Colquit","annualRevenue":96859817414,"phone":"401-750-8562","street":"63661 Steensland Park","postalCode":"79171","city":"Amarillo","country":"United States","creationDate":null,"company":"Voolith","state":"Texas"},
{"firstName":"Ulberto","lastName":"Chasemoore","annualRevenue":17689560528,"phone":"304-827-3147","street":"72975 Vahlen Hill","postalCode":"25326","city":"Charleston","country":"United States","creationDate":null,"company":"Camido","state":"West Virginia"},
{"firstName":"Amber","lastName":"Iacivelli","annualRevenue":61476470198,"phone":"323-914-6617","street":"139 Fairfield Plaza","postalCode":"90035","city":"Los Angeles","country":"United States","creationDate":null,"company":"Rhyzio","state":"California"},
{"firstName":"Annabell","lastName":"Howat","annualRevenue":56865361126,"phone":"432-999-8409","street":"79759 Thierer Crossing","postalCode":"79710","city":"Midland","country":"United States","creationDate":null,"company":"Eare","state":"Texas"},
{"firstName":"Ricardo","lastName":"Henric","annualRevenue":72290860761,"phone":"404-566-0744","street":"587 Ryan Crossing","postalCode":"31106","city":"Atlanta","country":"United States","creationDate":null,"company":"Kaymbo","state":"Georgia"},
{"firstName":"Booth","lastName":"Banaszkiewicz","annualRevenue":36218152055,"phone":"865-380-1489","street":"90662 Reinke Crossing","postalCode":"37931","city":"Knoxville","country":"United States","creationDate":null,"company":"Flipstorm","state":"Tennessee"},
{"firstName":"Dennet","lastName":"Hawkswood","annualRevenue":24461841266,"phone":"202-457-0608","street":"48 Carberry Park","postalCode":"20404","city":"Washington","country":"United States","creationDate":null,"company":"Centizu","state":"District of Columbia"},
{"firstName":"Tiphani","lastName":"Rippon","annualRevenue":37322837812,"phone":"858-162-2260","street":"6 Reinke Way","postalCode":"92110","city":"San Diego","country":"United States","creationDate":null,"company":"Leexo","state":"California"},
{"firstName":"Mariam","lastName":"Pury","annualRevenue":26783390286,"phone":"402-424-5371","street":"5231 Miller Court","postalCode":"68517","city":"Lincoln","country":"United States","creationDate":null,"company":"Miboo","state":"Nebraska"},
{"firstName":"Davine","lastName":"Trank","annualRevenue":93438473971,"phone":"502-639-8669","street":"91277 Armistice Pass","postalCode":"40298","city":"Louisville","country":"United States","creationDate":null,"company":"Quimba","state":"Kentucky"},
{"firstName":"Cad","lastName":"Hurren","annualRevenue":74226559088,"phone":"479-775-3860","street":"93560 Everett Alley","postalCode":"72905","city":"Fort Smith","country":"United States","creationDate":null,"company":"Vinder","state":"Arkansas"},
{"firstName":"Charlie","lastName":"Plover","annualRevenue":19481527767,"phone":"267-640-6791","street":"78770 Blackbird Avenue","postalCode":"19146","city":"Philadelphia","country":"United States","creationDate":null,"company":"Skyvu","state":"Pennsylvania"},
{"firstName":"Guido","lastName":"Cordero","annualRevenue":34606564693,"phone":"770-372-1690","street":"58628 Porter Hill","postalCode":"30316","city":"Atlanta","country":"United States","creationDate":null,"company":"Flipbug","state":"Georgia"},
{"firstName":"Elisabeth","lastName":"Bickerdike","annualRevenue":22499908774,"phone":"812-404-2046","street":"147 Scoville Center","postalCode":"47719","city":"Evansville","country":"United States","creationDate":null,"company":"Roodel","state":"Indiana"},
{"firstName":"Jay","lastName":"Thorouggood","annualRevenue":82479705400,"phone":"808-702-4013","street":"0 Monument Park","postalCode":"96835","city":"Honolulu","country":"United States","creationDate":null,"company":"Minyx","state":"Hawaii"},
{"firstName":"Cristin","lastName":"Netting","annualRevenue":37430494879,"phone":"503-885-7771","street":"85490 Ridgeview Crossing","postalCode":"97211","city":"Portland","country":"United States","creationDate":null,"company":"Jatri","state":"Oregon"},
{"firstName":"Krystyna","lastName":"Guitte","annualRevenue":68592651811,"phone":"785-635-1264","street":"7519 Roxbury Street","postalCode":"66611","city":"Topeka","country":"United States","creationDate":null,"company":"Youtags","state":"Kansas"},
{"firstName":"Geraldine","lastName":"Hayesman","annualRevenue":82309978842,"phone":"626-867-3627","street":"1213 Sauthoff Hill","postalCode":"91406","city":"Van Nuys","country":"United States","creationDate":null,"company":"BlogXS","state":"California"},
{"firstName":"Ellary","lastName":"Goncaves","annualRevenue":35922601641,"phone":"713-229-2493","street":"8324 Columbus Hill","postalCode":"77090","city":"Houston","country":"United States","creationDate":null,"company":"Photospace","state":"Texas"},
{"firstName":"Alyosha","lastName":"Hawtrey","annualRevenue":13659832514,"phone":"513-326-9127","street":"51625 Duke Alley","postalCode":"45208","city":"Cincinnati","country":"United States","creationDate":null,"company":"Tekfly","state":"Ohio"},
{"firstName":"Nikki","lastName":"Orsman","annualRevenue":63001042889,"phone":"917-145-2707","street":"61 Di Loreto Circle","postalCode":"11355","city":"Flushing","country":"United States","creationDate":null,"company":"Kanoodle","state":"New York"},
{"firstName":"Edwina","lastName":"De Bruijn","annualRevenue":35772451259,"phone":"305-753-2032","street":"975 Delladonna Point","postalCode":"33487","city":"Boca Raton","country":"United States","creationDate":null,"company":"Mynte","state":"Florida"},
{"firstName":"Janie","lastName":"Harrild","annualRevenue":47360652562,"phone":"518-675-8259","street":"0047 Sage Pass","postalCode":"12210","city":"Albany","country":"United States","creationDate":null,"company":"Eabox","state":"New York"},
{"firstName":"Rollins","lastName":"Goundrill","annualRevenue":97901334632,"phone":"570-352-5822","street":"49340 Mcbride Court","postalCode":"18763","city":"Wilkes Barre","country":"United States","creationDate":null,"company":"Vinte","state":"Pennsylvania"},
{"firstName":"Phedra","lastName":"Sorrel","annualRevenue":19808798593,"phone":"318-262-2601","street":"749 Manley Crossing","postalCode":"71161","city":"Shreveport","country":"United States","creationDate":null,"company":"Layo","state":"Louisiana"},
{"firstName":"Hallie","lastName":"MacQuaker","annualRevenue":7562842751,"phone":"973-790-6040","street":"71 Logan Center","postalCode":"07104","city":"Newark","country":"United States","creationDate":null,"company":"Lazz","state":"New Jersey"},
{"firstName":"Garvey","lastName":"Boni","annualRevenue":64750176385,"phone":"646-347-4813","street":"34 Meadow Ridge Court","postalCode":"10009","city":"New York City","country":"United States","creationDate":null,"company":"Oozz","state":"New York"},
{"firstName":"Mel","lastName":"Vasovic","annualRevenue":20840463606,"phone":"401-745-5287","street":"9622 Washington Parkway","postalCode":"02912","city":"Providence","country":"United States","creationDate":null,"company":"Skipfire","state":"Rhode Island"},
{"firstName":"Cherye","lastName":"Hellen","annualRevenue":49491854970,"phone":"913-743-7898","street":"96 Nancy Place","postalCode":"66105","city":"Kansas City","country":"United States","creationDate":null,"company":"Dynabox","state":"Kansas"},
{"firstName":"Robinette","lastName":"Haddy","annualRevenue":59921023353,"phone":"530-623-5679","street":"0 Union Way","postalCode":"95973","city":"Chico","country":"United States","creationDate":null,"company":"Aibox","state":"California"},
{"firstName":"Rudd","lastName":"MacClenan","annualRevenue":54366178984,"phone":"330-214-9121","street":"68629 Melrose Crossing","postalCode":"44505","city":"Youngstown","country":"United States","creationDate":null,"company":"Edgetag","state":"Ohio"},
{"firstName":"Lebbie","lastName":"McAsgill","annualRevenue":48555702296,"phone":"210-590-0495","street":"1364 Continental Trail","postalCode":"78285","city":"San Antonio","country":"United States","creationDate":null,"company":"Mita","state":"Texas"},
{"firstName":"Chryste","lastName":"Morrissey","annualRevenue":35879676598,"phone":"202-198-6247","street":"0512 Schiller Trail","postalCode":"20575","city":"Washington","country":"United States","creationDate":null,"company":"Avamba","state":"District of Columbia"},
{"firstName":"Locke","lastName":"Woollett","annualRevenue":62227386945,"phone":"513-351-9534","street":"9 Nobel Road","postalCode":"45254","city":"Cincinnati","country":"United States","creationDate":null,"company":"Yambee","state":"Ohio"},
{"firstName":"Shamus","lastName":"Artin","annualRevenue":61611960495,"phone":"913-634-6679","street":"84 Green Plaza","postalCode":"66276","city":"Shawnee Mission","country":"United States","creationDate":null,"company":"Eabox","state":"Kansas"},
{"firstName":"Shaine","lastName":"Elnor","annualRevenue":88496251890,"phone":"610-546-6899","street":"12 Lien Place","postalCode":"19151","city":"Philadelphia","country":"United States","creationDate":null,"company":"Zoonoodle","state":"Pennsylvania"},
{"firstName":"Manfred","lastName":"Siverns","annualRevenue":91542237016,"phone":"812-923-2990","street":"71093 Kings Court","postalCode":"47737","city":"Evansville","country":"United States","creationDate":null,"company":"Oloo","state":"Indiana"}]